{"cameraMode":{"drawMode":0,"name":"Shaded","section":"Shading Mode"},"sceneLighting":true,"audioPlay":false,"sceneViewState":{"m_AlwaysRefresh":false,"showFog":true,"showSkybox":true,"showFlares":true,"showImageEffects":true,"showParticleSystems":true,"showVisualEffectGraphs":true,"m_FxEnabled":true},"in2DMode":false,"pivot":{"x":-13.627972602844239,"y":20.625659942626954,"z":5.256443500518799},"rotation":{"x":-0.001452472759410739,"y":-0.7282068729400635,"z":0.001516341813839972,"w":-0.6853716969490051},"size":9.089526176452637,"orthographic":false}